success,concurrency,total_operands,distinct_operands,total_operators,distinct_operators,time,bugs,effort,volume,difficulty,vocabulary,length,provider_encoded,usecase_encoded
True,1,4.5,4.5,4.5,3.0,2.9128912589401206,0.00940534044348703,52.43204266092217,28.216021330461086,1.5,7.5,9.0,727.0,0,2
True,1,4.5,4.5,4.5,3.0,2.9128912589401206,0.00940534044348703,52.43204266092217,28.216021330461086,1.5,7.5,9.0,727.0,1,2
True,1,4.5,4.5,4.5,3.0,2.9128912589401206,0.00940534044348703,52.43204266092217,28.216021330461086,1.5,7.5,9.0,727.0,2,2
True,1,4.5,4.5,4.5,3.0,2.9128912589401206,0.00940534044348703,52.43204266092217,28.216021330461086,1.5,7.5,9.0,727.0,3,2
True,2,4.5,4.5,4.5,3.0,2.9128912589401206,0.00940534044348703,52.43204266092217,28.216021330461086,1.5,7.5,9.0,727.0,0,2
True,2,4.5,4.5,4.5,3.0,2.9128912589401206,0.00940534044348703,52.43204266092217,28.216021330461086,1.5,7.5,9.0,727.0,1,2
True,2,4.5,4.5,4.5,3.0,2.9128912589401206,0.00940534044348703,52.43204266092217,28.216021330461086,1.5,7.5,9.0,727.0,2,2
True,2,4.5,4.5,4.5,3.0,2.9128912589401206,0.00940534044348703,52.43204266092217,28.216021330461086,1.5,7.5,9.0,727.0,3,2
True,128,4.5,4.5,4.5,3.0,2.9128912589401206,0.00940534044348703,52.43204266092217,28.216021330461086,1.5,7.5,9.0,727.0,0,2
True,128,4.5,4.5,4.5,3.0,2.9128912589401206,0.00940534044348703,52.43204266092217,28.216021330461086,1.5,7.5,9.0,727.0,1,2
True,128,4.5,4.5,4.5,3.0,2.9128912589401206,0.00940534044348703,52.43204266092217,28.216021330461086,1.5,7.5,9.0,727.0,2,2
True,128,4.5,4.5,4.5,3.0,2.9128912589401206,0.00940534044348703,52.43204266092217,28.216021330461086,1.5,7.5,9.0,727.0,3,2

